~(瑜)/る/ら,Cらqlo布}ミ计q,qlo布CらH更ㄣ哩qlo布ㄏノ计q,qlo布Cら矫丶贫q,HRみXCら哩qlo布ぇ矫丶贫q,呼潦~台Cらqlo布}ミ计q
2014/10/1,,,,,
2014/10/2,"13,075,343","1,103,557","103,714","101,940","2,763"
2014/10/3,,,,,
2014/10/4,"13,043,317","963,252","54,326","53,188","1,494"
2014/10/5,"12,137,762","790,133","44,326","43,546","1,515"
2014/10/6,"13,650,566","1,848,313","187,428","185,689","15,211"
2014/10/7,"13,897,251","1,522,786","110,806","109,057","1,602"
2014/10/8,"12,628,852","1,212,392","98,852","96,910","2,378"
2014/10/9,,,,,
2014/10/10,,,,,
2014/10/11,"11,290,864","724,217","47,857","47,137","1,133"
2014/10/12,"12,503,300","826,179","52,470","51,869",822
2014/10/13,"12,637,158","1,011,203","79,446","78,298","1,349"
2014/10/14,"12,829,220","1,389,607","105,726","103,695","3,211"
2014/10/15,"12,391,355","1,182,790","99,571","97,183","4,086"
2014/10/16,"12,276,695","1,191,911","98,985","97,796","9,470"
2014/10/17,"12,471,235","1,136,778","86,529","85,361","2,495"
2014/10/18,"12,270,495","928,380","66,145","64,851",901
2014/10/19,,,,,
2014/10/20,"13,113,057","1,261,884","88,269","87,286","1,348"
2014/10/21,,,,,
2014/10/22,"12,362,260","1,138,170","83,866","82,694","2,715"
2014/10/23,"11,930,097","1,115,067","84,442","82,907","2,434"
2014/10/24,,,,,
2014/10/25,"12,459,164","897,706","58,142","57,329","1,712"
2014/10/26,"12,216,217","844,211","50,896","50,156","1,388"
2014/10/27,"11,004,049","998,491","81,964","80,854","1,049"
2014/10/28,,,,,
2014/10/29,"12,585,268","1,332,566","95,906","94,037","3,023"
2014/10/30,"12,337,590","1,162,913","89,253","87,406","2,426"
2014/10/31,"12,757,781","1,160,640","90,105","88,526","3,562"
2014/11/1,"12,291,985","1,073,358","65,897","64,871","1,354"
2014/11/2,"12,157,409","869,315","53,762","52,628","1,103"
2014/11/3,"11,992,729","1,053,582","79,792","77,945",154
2014/11/4,"11,821,999","1,348,831","93,653","92,167","2,436"
2014/11/5,"12,494,105","1,474,415","84,381","82,374","15,899"
2014/11/6,"12,918,435","1,356,872","86,839","84,603","2,912"
2014/11/7,"6,365,329","574,461","52,069","51,176","2,318"
2014/11/8,"18,311,510","1,579,261","102,902","101,285","4,010"
2014/11/9,"11,810,221","851,552","54,532","53,670",917
2014/11/10,"7,398,470","613,687","53,598","52,736",52
2014/11/11,"17,632,813","1,827,244","129,769","127,437","4,557"
2014/11/13,"11,969,355","1,283,669","104,175","102,529","1,441"
2014/11/14,"12,178,054","1,149,763","88,274","86,779","7,220"
2014/11/15,"11,674,566","38,952","72,399","71,457",856
2014/11/16,"11,794,112","855,794","56,349","55,482","2,302"
2014/11/17,"11,393,366","1,023,047","73,428","72,180",745
2014/11/18,"12,003,224","1,455,209","121,450","120,318","2,085"
2014/11/19,"12,730,743","1,228,269","88,006","86,699","3,557"
2014/11/20,"12,079,019","1,309,286","88,652","87,105","2,347"
2014/11/21,"10,634,039","1,145,989","94,559","93,161","3,120"
2014/11/22,"11,470,682","886,718","50,768","49,770","1,077"
2014/11/23,"12,638,278","863,991","47,571","46,543","2,806"
2014/11/24,"12,230,995","1,004,381","87,390","86,007",633
2014/11/25,"11,892,224","1,285,990","88,211","86,390","2,052"
2014/11/26,"13,790,526","1,520,606","117,627","116,258","2,814"
2014/11/27,"12,305,089","1,324,658","114,404","112,655","4,118"
2014/11/28,"11,609,046","1,124,681","96,103","94,355","5,512"
2014/11/29,"7,726,279","485,356","53,698","52,758","3,069"
2014/11/30,"8,065,272","635,739","66,650","65,855","1,355"
2014/12/1,"19,773,212","1,688,346","70,925","69,370","1,798"
2014/12/2,"15,488,845","1,595,854","107,415","104,602","2,630"
2014/12/3,"12,046,395","1,215,613","87,180","85,771","2,983"
2014/12/4,"11,900,376","1,307,235","87,657","85,621","3,806"
2014/12/5,"12,026,589","1,226,949","89,618","88,287","13,944"
2014/12/6,"9,298,135","720,237","57,552","56,569","1,331"
2014/12/7,"14,249,089","1,011,704","54,366","53,335","2,394"
2014/12/8,"12,926,373","1,219,650","95,318","94,207",796
2014/12/9,"10,910,033","1,263,047","120,059","118,892","1,428"
2014/12/10,"13,364,168","1,231,015","95,465","94,049","2,860"
2014/12/11,"11,789,949","1,179,018","94,800","93,087","4,519"
2014/12/12,"12,114,739","1,420,113","98,554","96,470","2,445"
2014/12/13,"11,653,381","991,807","79,633","78,550","1,475"
2014/12/14,"11,199,755","811,081","51,975","50,904",991
2014/12/15,"12,465,091","1,069,863","74,947","73,559","1,264"
2014/12/16,"12,097,674","1,382,702","129,117","126,399",887
2014/12/17,"11,766,886","1,247,289","109,087","108,247","4,044"
2014/12/18,"11,579,052","1,167,380","100,033","98,471","1,227"
2014/12/19,"11,444,494","1,079,761","94,993","93,483","2,408"
2014/12/20,"11,615,504","886,704","65,079","64,044",328
2014/12/21,"11,364,029","790,607","50,314","49,284","1,779"
2014/12/22,"11,367,233","1,072,757","78,624","77,111",53
2014/12/23,"11,798,138","1,240,408","101,777","100,063","1,914"
2014/12/24,"12,885,241","1,234,112","118,420","116,938","1,379"
2014/12/25,"11,764,912","1,030,039","84,109","82,425",743
2014/12/26,"11,363,739","1,327,087","112,716","110,660","4,702"
2014/12/27,"9,617,194","1,011,279","112,923","111,531","1,004"
2014/12/28,"7,350,384","543,089","63,601","62,765","1,001"
2014/12/29,"17,754,600","1,565,409","101,053","99,352",73
2014/12/30,"12,117,855","1,259,982","91,627","90,302","1,825"
2014/12/31,"13,042,107","1,333,569","104,777","102,939","1,723"
2015/1/1,"11,639,963","1,003,634","73,439","72,408","1,073"
2015/1/2,"10,664,715","715,639","47,738","46,853",844
2015/1/3,"11,504,948","725,807","41,679","40,788",17
2015/1/4,"11,140,871","890,741","36,189","35,444",626
2015/1/5,"12,182,393","1,136,973","99,026","97,407","8,452"
2015/1/6,"12,508,309","1,265,826","82,940","81,540","3,106"
2015/1/7,"11,776,980","1,239,176","88,616","86,651","1,175"
2015/1/8,"11,564,486","1,281,246","108,214","106,471","8,691"
2015/1/9,"11,546,959","1,159,854","93,486","91,971",659
2015/1/10,"11,495,671","827,417","57,848","56,824",964
2015/1/11,"11,415,955","858,731","56,629","55,753",328
2015/1/12,"12,247,726","1,325,280","78,468","77,204",561
2015/1/13,"12,328,225","1,352,932","109,382","107,293","1,334"
2015/1/14,"13,844,079","1,233,644","96,471","95,524","1,201"
2015/1/15,"11,738,285","1,153,423","92,510","91,142",395
2015/1/16,"11,461,909","1,139,681","85,562","84,443","2,075"
2015/1/17,"11,126,921","882,886","60,047","59,011",588
2015/1/18,"10,960,681","761,714","50,473","49,543",434
2015/1/19,"12,241,861","1,241,687","103,770","102,678",797
2015/1/20,"11,616,971","1,206,562","90,459","89,167",689
2015/1/21,"11,737,108","1,121,519","85,090","83,491","2,487"
2015/1/22,"11,377,639","1,110,482","90,031","88,733",429
2015/1/23,"11,201,308","1,072,843","80,135","78,658","2,459"
2015/1/24,"11,636,875","859,170","60,412","59,257",29
2015/1/25,"11,180,796","790,303","53,748","52,743",798
2015/1/26,"12,464,910","1,050,508","72,063","71,057",50
2015/1/27,"12,929,504","1,390,857","117,216","115,066",734
2015/1/28,"11,394,922","1,253,529","111,572","110,053","8,330"
2015/1/29,"11,414,841","1,141,260","91,976","90,766",454
2015/1/30,"11,607,925","1,038,943","79,670","78,206","3,710"
2015/1/31,"11,382,934","910,405","69,301","68,228","1,343"
2015/2/1,"11,410,959","1,037,335","73,398","72,377",13
2015/2/2,"11,913,209","1,052,846","84,170","82,679",56
2015/2/3,"11,788,127","1,231,306","89,234","87,344","3,078"
2015/2/4,"11,704,052","1,269,914","80,519","78,771","1,707"
2015/2/5,"11,291,469","1,203,198","88,909","87,305","1,619"
2015/2/6,"11,317,865","1,220,608","88,346","87,009","1,001"
2015/2/7,"12,010,337","916,031","62,496","61,309","1,255"
2015/2/8,"11,024,341","655,721","39,934","38,968",15
2015/2/9,"11,313,665","1,164,005","96,966","95,842","6,309"
2015/2/10,"13,170,393","1,465,000","125,423","124,001",975
2015/2/11,"11,992,570","1,297,404","105,822","104,017",860
2015/2/12,"11,997,491","1,316,776","96,432","94,697",523
2015/2/13,"12,309,722","1,283,819","104,042","101,913","4,396"
2015/2/14,"12,276,491","910,537","64,204","63,047",809
2015/2/15,"12,354,017","881,774","60,969","59,556","1,152"
2015/2/16,"13,624,991","1,278,602","113,816","112,209",784
2015/2/17,"13,923,561","1,296,841","91,670","89,852",766
2015/2/18,"13,002,391","889,709","66,474","65,283",11
2015/2/19,"11,329,995","694,346","39,791","38,739","2,857"
2015/2/20,"11,578,887","750,510","35,439","34,678",5
2015/2/21,"11,118,113","636,618","29,736","29,244",543
2015/2/22,"10,676,546","783,123","71,770","71,284",927
2015/2/23,"13,255,870","807,126","46,920","46,301",26
2015/2/24,"12,392,066","1,077,517","108,563","107,459","1,567"
2015/2/25,"11,193,144","1,063,504","94,232","92,301",791
2015/2/26,"13,393,928","1,399,163","106,566","104,489","2,226"
2015/2/27,"11,639,782","919,690","73,485","72,400","4,791"
2015/2/28,"11,331,311","830,361","67,432","66,530","1,277"
2015/3/1,"11,166,041","931,198","62,069","61,262",409
2015/3/2,"7,734,921","787,305","75,449","73,581",33
2015/3/3,"15,728,908","1,595,513","113,960","111,295","3,016"
2015/3/4,"11,931,055","1,287,476","88,041","86,510",667
2015/3/5,"11,593,993","1,321,747","100,705","98,913","1,366"
2015/3/6,"12,198,457","1,175,719","83,583","82,013","1,898"
2015/3/7,"11,693,174","871,804","60,005","59,056",37
2015/3/8,"11,811,075","862,785","58,345","57,457",19
2015/3/9,"12,396,743","1,136,578","103,685","102,658",26
2015/3/10,"12,463,688","1,308,163","93,767","91,755",756
2015/3/11,"11,749,610","1,155,374","87,104","85,693",387
2015/3/12,"11,734,187","1,324,760","85,087","83,471",459
2015/3/13,"12,303,870","1,224,379","83,324","81,955",621
2015/3/14,"12,331,647","900,612","57,176","56,229",8
2015/3/15,"12,562,159","856,757","48,650","47,789",2
2015/3/16,"12,811,461","1,172,508","92,757","91,730",12
2015/3/17,"12,545,079","1,299,188","96,223","94,822",740
2015/3/18,"12,443,769","1,190,699","85,927","84,657",432
2015/3/19,"12,648,589","1,169,072","84,032","82,824","2,520"
2015/3/20,"12,581,821","1,169,138","83,999","82,772","1,458"
2015/3/21,"12,264,892","889,178","55,852","54,812",563
2015/3/22,"11,789,558","904,099","57,596","56,718",430
2015/3/23,"10,997,801","1,158,249","91,878","90,803","1,066"
2015/3/24,"12,288,583","1,286,166","87,578","85,904","2,020"
2015/3/25,"11,229,324","1,082,325","84,029","82,804",566
2015/3/26,"11,661,648","1,111,894","84,940","83,602","2,680"
2015/3/27,"11,870,514","1,169,320","82,873","81,254","1,828"
2015/3/28,"11,769,765","916,222","62,437","61,441",491
2015/3/29,"12,960,533","891,663","57,632","56,788",523
2015/3/30,"12,986,161","1,169,825","90,506","89,390","1,029"
2015/3/31,"12,921,121","1,369,160","92,230","90,145","7,794"
2015/4/1,"12,775,512","1,258,370","89,409","87,616","1,165"
2015/4/2,"13,144,984","1,284,049","82,331","80,651","1,597"
2015/4/3,"13,152,808","1,061,628","66,996","65,992",674
2015/4/4,"12,839,166","1,015,171","48,655","47,674",0
2015/4/5,"12,813,750","973,498","49,834","49,081","1,381"
2015/4/6,"12,212,450","989,948","66,281","65,814","1,037"
2015/4/7,"13,160,787","1,175,158","78,091","76,791",18
2015/4/8,"12,785,417","1,510,644","91,703","89,437","4,590"
2015/4/9,"12,076,157","1,363,410","96,082","94,213","1,716"
2015/4/10,"12,038,116","1,293,749","87,166","85,609","16,433"
2015/4/11,"11,372,474","939,928","71,348","70,317","2,881"
2015/4/12,"11,480,770","837,808","56,057","55,060",1
2015/4/13,"12,753,279","1,206,138","71,735","70,407","2,097"
2015/4/14,"12,137,637","1,182,891","75,522","73,820",815
2015/4/15,"11,813,018","1,172,735","90,554","89,258","2,351"
2015/4/16,"12,465,740","1,162,936","115,306","113,983","1,257"
2015/4/17,"12,905,450","1,278,318","78,286","77,099","3,787"
2015/4/18,"12,843,754","1,103,948","70,240","69,103","1,143"
2015/4/19,"12,438,542","956,085","52,178","51,260",492
2015/4/20,"13,716,498","1,313,621","95,477","94,183","1,640"
2015/4/21,"12,235,188","1,559,710","110,962","109,181",727
2015/4/22,"11,843,658","1,271,522","77,343","75,989","1,611"
2015/4/23,"12,412,684","1,227,428","82,156","80,755","2,105"
2015/4/24,"12,467,232","1,245,412","75,591","74,007",776
2015/4/25,"12,592,292","1,013,252","64,760","63,605",9
2015/4/26,"12,772,875","1,005,516","63,533","62,545",16
2015/4/27,"13,176,136","1,178,958","84,880","83,499",9
2015/4/28,"12,852,395","1,451,848","94,506","92,681",872
2015/4/29,"12,887,472","1,349,641","92,500","90,879",469
2015/4/30,"14,077,221","1,324,073","89,322","88,107","2,267"
2015/5/1,"13,021,277","1,139,832","76,026","74,819",4
2015/5/2,"13,199,851","1,019,925","57,223","56,387","5,803"
2015/5/3,"12,858,162","950,777","54,333","53,421","2,072"
2015/5/4,"13,494,391","1,258,242","82,985","80,443",4
2015/5/5,"12,396,668","1,279,076","88,601","87,364","1,219"
2015/5/6,"12,934,627","1,392,370","92,378","89,945","5,448"
2015/5/7,"13,167,834","1,463,750","99,582","98,030","1,450"
2015/5/8,"13,235,186","1,296,544","92,440","90,856",875
2015/5/9,"13,213,900","964,383","68,514","67,389","1,679"
2015/5/10,"12,940,143","1,026,170","67,063","66,150",10
2015/5/11,"13,375,298","1,159,557","71,183","70,117",14
2015/5/12,"12,776,446","1,456,597","90,446","88,853","3,616"
2015/5/13,"13,515,965","1,379,058","90,198","88,895","2,395"
2015/5/14,"14,181,215","1,320,655","87,120","85,537","1,451"
2015/5/15,"13,892,970","1,300,102","82,599","81,285",849
2015/5/16,"13,628,149","1,117,443","72,644","71,641",18
2015/5/17,"13,444,109","1,017,884","59,200","58,388",6
2015/5/18,"13,785,305","1,248,577","79,389","78,356","4,157"
2015/5/19,"13,911,077","1,386,632","90,758","89,258",778
2015/5/20,"11,651,260","1,214,219","84,293","82,975",549
2015/5/21,"12,824,983","1,268,983","87,278","85,819",506
2015/5/22,"12,254,785","1,306,725","90,706","89,160","3,794"
2015/5/23,"12,024,113","991,577","71,317","70,347",12
2015/5/24,"11,310,853","882,297","58,224","57,424","2,195"
2015/5/25,"12,485,385","1,161,944","76,192","75,079","1,367"
2015/5/26,"12,580,077","1,322,389","93,679","91,947",849
2015/5/27,"12,838,892","1,315,830","94,901","93,762","2,269"
2015/5/28,"13,094,339","1,349,809","84,507","82,866",509
2015/5/29,"13,703,937","1,361,977","84,671","83,241","1,913"
2015/5/30,"13,752,347","1,037,110","67,361","66,620",841
2015/5/31,"13,055,242","1,071,207","65,197","64,552",824
2015/6/1,"13,745,976","1,314,443","79,601","77,071",811
2015/6/2,"13,790,727","1,329,251","90,034","88,461",882
2015/6/3,"13,278,410","1,418,631","86,243","84,582","1,512"
2015/6/4,"13,871,016","1,472,741","83,956","81,972","1,867"
2015/6/5,"14,050,027","1,416,124","87,993","86,712","2,579"
2015/6/6,"13,472,005","1,085,671","68,907","67,756",10
2015/6/7,"13,679,099","1,087,027","66,553","65,603",820
2015/6/8,"13,911,786","1,187,067","75,789","74,681","1,161"
2015/6/9,"14,108,306","1,469,086","87,534","86,205","2,030"
2015/6/10,"13,696,812","1,410,225","93,437","91,885","1,410"
2015/6/11,"14,694,642","1,258,229","71,690","70,218","1,310"
2015/6/12,"14,436,428","1,728,483","103,924","102,490","1,779"
2015/6/13,"14,497,625","1,163,943","73,416","72,534",4
2015/6/14,"13,570,043","1,016,217","61,658","60,802","1,713"
2015/6/15,"14,229,103","1,190,280","72,535","71,401",32
2015/6/16,"14,041,408","1,244,739","71,898","70,524",881
2015/6/17,"14,213,155","1,659,373","107,918","105,303","3,459"
2015/6/18,"14,209,974","1,284,271","78,584","77,265",705
2015/6/19,"14,256,645","1,183,187","78,202","76,796",11
2015/6/20,"13,537,386","990,301","60,057","58,951",10
2015/6/21,"13,021,787","958,521","52,067","51,137",10
2015/6/22,"13,933,916","1,283,308","88,880","87,534",10
2015/6/23,"13,891,993","1,387,476","84,994","82,946","1,002"
2015/6/24,"14,078,333","1,372,620","86,198","84,855",560
2015/6/25,"14,493,186","1,362,966","86,955","85,453",107
2015/6/26,"14,601,317","1,360,962","80,550","79,092",75
2015/6/27,"14,134,831","1,249,414","74,919","73,719",2
2015/6/28,"13,410,814","1,002,830","57,511","56,499",3
2015/6/29,"14,794,305","1,280,043","80,275","78,831",34
2015/6/30,"14,829,772","1,430,912","81,466","79,297","2,367"
2015/7/1,"14,723,577","1,414,537","78,497","76,532",560
2015/7/2,"14,053,140","1,415,701","140,114","138,762","10,837"
2015/7/3,"14,219,725","1,340,620","83,733","82,294","1,405"
2015/7/4,"13,651,373","1,161,839","62,768","61,611","1,541"
2015/7/5,"14,202,641","1,025,976","63,020","62,022","1,071"
2015/7/6,"14,663,049","1,345,411","92,921","91,380",48
2015/7/7,"13,996,999","1,522,113","90,966","89,114","9,631"
2015/7/8,"13,557,590","1,412,179","96,084","94,539","6,227"
2015/7/9,"13,471,434","1,336,335","91,206","89,514",741
2015/7/10,"12,523,379","1,097,452","75,225","74,171","1,435"
2015/7/11,"12,839,318","1,073,410","64,185","63,182",17
2015/7/12,"13,129,183","985,574","65,089","64,296","5,226"
2015/7/13,"14,403,233","1,381,711","100,162","98,823",17
2015/7/14,"14,481,110","1,479,138","96,019","94,290","4,236"
2015/7/15,"14,637,069","1,318,514","84,883","83,067","4,903"
2015/7/16,"12,992,069","1,271,665","87,224","85,955",715
2015/7/17,"15,056,019","1,451,264","86,968","85,601","2,639"
2015/7/18,"13,907,301","1,139,075","69,717","68,629",34
2015/7/19,"12,929,504","937,239","52,281","51,338","1,937"
2015/7/20,"13,580,425","1,258,344","95,015","93,841","1,118"
2015/7/21,"13,865,722","1,461,643","82,771","81,368","1,181"
2015/7/22,"13,785,573","1,364,680","90,116","88,528","1,705"
2015/7/23,"13,478,501","1,283,904","83,797","82,372",737
2015/7/24,"13,613,246","1,317,979","90,751","89,337","3,441"
2015/7/25,"13,649,824","1,096,958","63,407","62,225",14
2015/7/26,"13,537,232","971,932","54,034","53,017","1,378"
2015/7/27,"14,265,071","1,247,705","89,220","88,122","1,623"
2015/7/28,"13,671,428","1,412,687","90,239","88,294","1,095"
2015/7/29,"13,039,721","1,382,874","91,190","89,774","2,803"
2015/7/30,"14,338,980","1,365,388","95,834","94,411","1,668"
2015/7/31,"14,190,430","1,342,316","86,082","84,634","1,785"
2015/8/1,"14,108,929","1,162,582","66,685","65,514",15
2015/8/2,"13,702,030","1,109,035","62,886","61,920","1,113"
2015/8/3,"14,243,930","1,219,339","81,395","79,351",21
2015/8/4,"14,599,518","1,538,005","94,819","93,195","3,744"
2015/8/5,"13,983,243","1,453,118","95,312","93,331",628
2015/8/6,"14,992,175","1,503,456","98,768","96,834","3,240"
2015/8/7,"14,688,740","1,412,804","88,116","86,285","1,052"
2015/8/8,"10,101,340","799,406","62,842","61,749",21
2015/8/9,"11,639,483","878,979","45,264","44,614",13
2015/8/10,"14,669,229","1,355,749","71,466","69,777",20
2015/8/11,"15,145,460","1,516,260","110,527","108,731",931
2015/8/12,"15,080,656","1,540,189","102,531","100,868",879
2015/8/13,"14,005,482","1,321,308","81,763","80,310","3,940"
2015/8/14,"13,611,696","1,367,169","99,263","97,730","5,717"
2015/8/15,"14,171,730","1,152,796","73,692","72,468",18
2015/8/16,"12,849,759","992,031","60,848","59,828",8
2015/8/17,"14,057,092","1,239,104","86,327","85,062",28
2015/8/18,"13,551,763","1,409,949","89,245","87,665","6,010"
2015/8/19,"14,107,003","1,362,054","88,151","86,796",772
2015/8/20,"14,406,804","1,208,606","80,388","78,961",748
2015/8/21,"13,567,861","1,387,053","98,180","96,587","3,714"
2015/8/22,"11,018,750","920,248","66,277","65,149",395
2015/8/23,"16,290,441","1,220,794","68,418","67,405",421
2015/8/24,"14,265,494","1,288,706","84,742","83,104",18
2015/8/25,"14,019,523","1,365,493","89,555","87,785",903
2015/8/26,"13,221,646","1,296,764","83,214","81,775","2,251"
2015/8/27,"12,614,293","1,319,459","94,189","92,443",567
2015/8/28,"12,382,750","1,206,045","82,836","81,468","1,029"
2015/8/29,"11,455,400","910,342","63,815","62,607",12
2015/8/30,"11,433,131","930,557","61,408","60,436","3,285"
2015/8/31,"13,228,657","1,117,156","64,577","63,331",20
2015/9/1,"15,115,085","1,493,987","121,346","119,033","2,024"
2015/9/2,"13,945,797","1,375,079","100,358","98,848","1,445"
2015/9/3,"12,138,465","1,256,121","89,090","87,550",935
2015/9/4,"15,171,443","1,567,258","79,198","77,284","2,318"
2015/9/5,"13,947,763","1,112,425","68,573","67,374",13
2015/9/6,"14,286,682","1,101,254","78,878","77,713","2,045"
2015/9/7,"13,965,740","1,143,805","75,339","74,069",916
2015/9/8,"13,461,179","1,531,264","109,138","107,583","1,967"
2015/9/9,"13,163,566","1,371,142","81,200","79,542","16,206"
2015/9/10,"14,265,700","1,300,623","94,740","93,212",816
2015/9/11,"13,750,993","1,446,673","90,740","88,814","2,354"
2015/9/12,"13,899,272","1,182,930","74,311","73,208",28
2015/9/13,"13,485,412","1,009,386","56,476","55,453","1,558"
2015/9/14,"14,657,924","1,407,161","75,570","73,926",660
2015/9/15,"14,684,066","1,414,023","89,512","87,802","1,854"
2015/9/16,"13,818,879","1,391,773","79,540","78,076","1,721"
2015/9/17,"14,992,874","1,368,076","86,213","84,514","1,293"
2015/9/18,"13,663,578","1,368,665","91,808","90,120","1,684"
2015/9/19,"13,731,072","1,156,968","73,338","71,986",14
2015/9/20,"13,617,297","1,023,479","56,189","54,856",983
2015/9/21,"14,208,338","1,257,367","79,791","78,516","1,265"
2015/9/22,"13,749,807","1,471,540","84,944","83,284","1,046"
2015/9/23,"13,690,349","1,330,525","80,980","79,271",728
2015/9/24,"14,553,274","1,419,683","88,951","87,224","2,530"
2015/9/25,"14,107,143","1,341,749","85,598","83,856",947
2015/9/26,"14,477,111","1,151,227","70,392","69,034",27
2015/9/27,"13,104,346","944,985","55,757","54,641",5
2015/9/28,"11,281,521","823,660","45,716","44,854",9
2015/9/29,"11,596,918","915,736","49,291","48,477",3
2015/9/30,"13,892,486","1,388,714","79,794","78,320",21
2015/10/1,"15,060,125","1,630,187","111,238","108,456","1,901"
2015/10/2,"14,375,518","1,354,446","88,357","86,057","1,352"
2015/10/3,"14,492,594","1,208,410","74,964","73,475","1,505"
2015/10/4,"14,441,810","1,195,194","58,580","57,505",300
2015/10/5,"14,403,016","1,268,771","69,150","67,286",24
2015/10/6,"15,049,513","1,685,653","91,800","89,089","1,499"
2015/10/7,"14,127,835","1,390,792","82,575","80,852","2,203"
2015/10/8,"14,470,491","1,581,309","93,042","91,075","1,813"
2015/10/9,"13,440,842","1,127,882","76,259","75,102",465
2015/10/10,"13,650,267","1,039,748","64,867","63,846",505
2015/10/11,"13,616,471","1,001,275","52,145","51,195",357
2015/10/12,"14,814,257","1,326,905","74,758","73,312",16
2015/10/13,"13,777,869","1,477,326","87,255","85,097","2,761"
2015/10/14,"13,443,139","1,379,120","84,147","82,484","1,401"
2015/10/15,"14,108,642","1,433,290","91,699","90,184","10,236"
2015/10/16,"13,810,331","1,294,249","76,277","74,893","1,572"
2015/10/17,"13,718,345","1,154,877","73,107","71,810",551
2015/10/18,"13,670,174","1,030,133","56,567","55,340",370
2015/10/19,"13,718,556","1,185,746","75,214","74,167","1,000"
2015/10/20,"13,937,243","1,430,273","94,144","92,741","2,047"
2015/10/21,"13,000,728","1,337,744","86,196","84,783","2,105"
2015/10/22,"13,489,121","1,374,737","96,923","95,468",727
2015/10/23,"13,551,763","1,338,108","83,765","82,387","3,018"
2015/10/24,"13,612,102","1,062,955","67,353","66,266",700
2015/10/25,"13,762,835","1,108,915","62,910","61,860",368
2015/10/26,"14,180,306","1,174,613","78,134","76,758",860
2015/10/27,"14,124,733","1,509,749","82,388","80,467","2,065"
2015/10/28,"14,288,169","1,432,558","86,463","84,703","1,408"
2015/10/29,"11,644,893","1,181,792","99,529","98,124","1,382"
2015/10/30,"16,197,056","1,651,817","89,774","89,492","1,677"
2015/10/31,"13,772,359","1,150,489","75,256","75,217",825
2015/11/1,"13,288,320","1,001,522","49,680","49,658",458
2015/11/2,"13,665,176","1,235,527","77,506","77,433",786
2015/11/3,"13,788,225","1,343,975","87,073","87,032","10,737"
2015/11/4,"13,753,398","1,504,608","83,266","83,197","1,798"
2015/11/5,"14,169,972","1,385,932","87,255","87,119","1,346"
2015/11/6,"14,553,530","1,435,715","87,518","87,404","1,853"
2015/11/7,"14,359,407","1,304,373","78,525","78,492",22
2015/11/8,"13,539,366","1,041,661","59,655","59,594","1,101"
2015/11/9,"15,903,148","1,285,139","77,280","77,209",24
2015/11/10,"14,331,426","1,529,604","90,838","90,789","2,928"
2015/11/11,"14,086,340","1,416,070","103,302","103,148","4,118"
2015/11/12,"14,366,167","1,699,410","111,823","111,741","1,355"
2015/11/13,"14,258,484","1,536,868","94,841","94,776","1,864"
2015/11/14,"14,277,412","1,193,942","74,991","74,936",694
2015/11/15,"14,047,670","1,033,033","56,121","56,082",377
2015/11/16,"14,436,470","1,299,809","68,111","68,045",36
2015/11/17,"14,586,326","1,419,844","99,452","99,342","3,489"
2015/11/18,"14,314,000","1,402,217","86,573","86,312","1,637"
2015/11/19,"14,173,676","1,354,267","88,341","88,281","1,751"
2015/11/20,"13,837,530","1,363,869","82,295","82,215","1,774"
2015/11/21,"14,199,306","1,129,589","68,491","68,419",635
2015/11/22,"13,396,729","1,024,853","56,713","56,627",282
2015/11/23,"15,101,864","1,291,473","80,664","80,513",759
2015/11/24,"14,290,546","1,411,777","84,886","84,748","1,732"
2015/11/25,"13,721,391","1,274,358","82,849","82,723","1,886"
2015/11/26,"13,771,755","1,390,599","86,653","86,586","1,274"
2015/11/27,"13,683,573","1,436,665","91,755","91,608","1,572"
2015/11/28,"13,935,864","1,145,921","80,884","80,849",376
2015/11/29,"13,934,213","1,049,488","65,239","65,139",265
2015/11/30,"14,200,612","1,218,927","66,367","66,243",9
2015/12/1,"14,071,678","1,583,261","103,270","103,170","1,010"
2015/12/2,"13,720,627","1,362,330","88,817","88,755","3,425"
2015/12/3,"13,499,804","1,329,867","82,132","82,077","1,736"
2015/12/4,"13,895,736","1,543,598","85,355","85,249","2,168"
2015/12/5,"13,784,892","1,153,363","72,601","72,506",958
2015/12/6,"13,155,872","965,555","60,602","60,570",381
2015/12/7,"14,210,344","1,250,792","81,339","81,261",764
2015/12/8,"14,164,181","1,463,236","94,971","94,917",894
2015/12/9,"13,805,731","1,495,388","100,679","100,545","2,246"
2015/12/10,"13,196,889","1,357,630","88,872","88,802",637
2015/12/11,"14,017,161","1,445,099","91,446","91,369","2,621"
2015/12/12,"13,321,079","1,107,273","75,897","75,827",592
2015/12/13,"13,534,344","1,070,247","60,100","60,037",404
2015/12/14,"15,266,377","1,493,889","84,894","84,818",795
2015/12/15,"13,451,829","1,380,050","92,081","91,968","1,571"
2015/12/16,"13,449,599","1,349,371","93,776","93,634","1,178"
2015/12/17,"13,404,321","1,415,708","96,918","96,806","1,450"
2015/12/18,"13,339,197","1,335,119","98,175","97,764","1,644"
2015/12/19,"13,241,438","1,140,968","78,719","78,494",404
2015/12/20,"14,079,011","970,975","62,191","62,171",266
2015/12/21,"15,117,651","1,363,058","87,697","87,546","17,612"
2015/12/22,"13,899,714","1,459,136","97,069","96,930","1,611"
2015/12/23,"14,504,149","1,396,536","90,461","90,373","1,267"
2015/12/24,"14,101,975","1,349,384","92,251","92,201","1,117"
2015/12/25,"14,118,326","1,408,887","88,714","88,584","1,606"
2015/12/26,"13,378,517","1,153,463","81,350","81,308",439
2015/12/27,"12,565,339","911,232","59,089","59,056",490
2015/12/28,"13,653,966","1,239,101","87,184","87,096",694
2015/12/29,"13,695,832","1,483,146","91,512","91,436","5,049"
2015/12/30,"13,742,040","1,374,039","86,836","86,691","1,057"
2015/12/31,"14,574,027","1,527,971","105,197","105,075","1,366"
2016/1/1,"14,216,943","1,309,040","74,254","74,231",13
2016/1/2,"12,067,503","920,108","54,808","54,791","1,138"
2016/1/3,"12,365,098","878,161","51,176","51,134",354
2016/1/4,"15,629,797","1,167,598","82,669","82,576","1,004"
2016/1/5,"15,596,622","2,277,021","91,338","91,316","1,597"
2016/1/6,"14,016,514","2,081,557","88,387","88,333","2,714"
2016/1/7,"15,771,729","2,831,947","97,966","97,956","3,572"
2016/1/8,"13,974,491","2,033,726","87,337","87,278","1,351"
2016/1/9,"14,189,604","1,376,906","76,253","76,219",289
2016/1/10,"14,541,924","1,108,965","69,715","69,699",335
2016/1/11,"13,912,508","1,583,916","82,306","82,267","1,364"
2016/1/12,"19,176,834","2,558,730","80,449","80,416","2,038"
2016/1/13,"9,336,701","1,604,828","61,137","61,108","2,127"
2016/1/14,"24,319,789","4,137,599","125,666","125,546","2,239"
2016/1/15,"15,089,284","3,184,972","91,041","91,009","1,445"
2016/1/16,"14,204,848","1,705,583","72,700","72,669","1,478"
2016/1/17,"13,200,727","1,155,275","60,577","60,526",364
2016/1/18,"14,792,820","2,256,660","79,418","79,366","3,633"
2016/1/19,"14,698,805","3,162,954","92,250","92,199","2,079"
2016/1/20,"15,217,745","2,164,224","87,016","86,947","2,619"
2016/1/21,"14,950,132","2,277,631","90,284","90,260","2,468"
2016/1/22,"15,495,121","4,013,593","91,189","91,030","2,764"
2016/1/23,"12,971,140","2,025,806","81,493","81,464",867
2016/1/24,"12,152,865","1,059,254","64,212","64,161",420
2016/1/25,"13,571,636","1,475,132","88,002","87,927",636
2016/1/26,"17,777,482","4,243,528","93,603","93,576","2,125"
2016/1/27,"17,941,664","5,101,561","87,777","87,415","1,118"
2016/1/28,"16,667,577","3,378,605","109,029","108,993","1,788"
2016/1/29,"14,080,557","2,596,155","97,807","97,582","1,546"
2016/1/30,"14,291,476","1,906,144","89,113","89,089","1,119"
2016/1/31,"14,705,936","1,635,487","73,209","73,186",14
2016/2/1,"15,102,850","1,843,403","83,068","82,884","5,752"
2016/2/2,"16,076,458","3,026,981","97,492","97,445",962
2016/2/3,"15,739,835","3,114,193","91,092","90,954",640
2016/2/4,"14,142,078","2,940,769","93,840","93,805",782
2016/2/5,"16,069,842","2,709,250","90,634","90,620",427
2016/2/6,"17,691,577","2,574,086","89,656","89,612",583
2016/2/7,"15,044,614","1,335,112","56,812","56,771",9
2016/2/8,"13,039,079","1,243,975","47,608","47,582",8
2016/2/9,"13,152,035","921,582","42,526","42,492",8
2016/2/10,"12,487,656","863,196","39,264","39,225","2,370"
2016/2/11,"13,341,727","854,942","44,007","43,977",325
2016/2/12,"14,063,571","913,497","49,716","49,680",271
2016/2/13,"14,439,607","928,586","55,130","55,093",306
2016/2/14,"13,581,095","912,227","51,937","51,924",15
2016/2/15,"13,671,711","4,044,776","82,757","82,720","1,207"
2016/2/16,"24,159,641","5,669,232","147,692","147,589","1,878"
2016/2/17,"15,299,062","3,305,912","108,810","108,754","1,277"
2016/2/18,"14,703,222","3,533,078","105,963","105,883",551
2016/2/19,"16,058,453","3,698,202","92,018","91,975",793
2016/2/20,"16,064,186","4,049,883","72,980","72,908",217
2016/2/21,"14,854,883","1,825,213","57,996","57,966",17
2016/2/22,"15,234,329","1,644,025","102,907","102,798",865
2016/2/23,"16,309,824","3,651,895","92,131","92,105","1,440"
2016/2/24,"15,023,425","2,966,353","85,512","85,448","6,405"
2016/2/25,"15,106,716","3,586,718","93,502","93,438",690
2016/2/26,"14,727,248","2,508,792","84,042","83,996","1,099"
2016/2/27,"14,718,338","2,582,046","78,581","78,508",254
2016/2/28,"14,875,724","2,077,979","65,015","64,999",137
2016/2/29,"14,904,274","2,054,638","56,726","56,685",621
2016/3/1,"16,006,681","2,290,517","89,338","89,312","2,709"
2016/3/2,"17,738,285","5,119,273","106,384","106,316","1,698"
2016/3/3,"17,917,444","5,394,568","85,168","85,120",713
2016/3/4,"14,017,946","2,398,752","88,604","88,550","1,506"
2016/3/5,"21,080,441","6,591,759","67,329","67,288",28
2016/3/6,"15,630,277","1,388,424","54,707","54,669",415
2016/3/7,"15,862,933","1,958,706","91,340","91,267",204
2016/3/8,"17,821,582","4,142,479","98,156","98,082","1,894"
2016/3/9,"16,964,509","3,976,247","97,341","97,257","1,562"
2016/3/10,"14,277,810","2,818,911","82,991","82,890",805
2016/3/11,"14,588,108","2,758,973","89,408","89,354","1,242"
2016/3/12,"15,944,642","3,571,742","64,240","64,215",298
2016/3/13,"14,154,854","1,380,007","70,773","70,752",422
2016/3/14,"15,489,793","1,825,779","85,362","85,313","7,105"
2016/3/15,"15,493,798","3,433,355","96,010","95,939","4,676"
2016/3/16,"14,337,037","3,067,369","86,173","86,116",749
2016/3/17,"16,249,852","3,393,157","89,039","88,748","3,489"
2016/3/18,"16,753,842","3,982,604","87,362","87,274","1,921"
2016/3/19,"15,549,657","2,756,964","74,887","74,850",337
2016/3/20,"14,730,294","1,369,052","66,055","66,013",606
2016/3/21,"14,992,175","1,965,221","89,137","89,110","1,694"
2016/3/22,"15,642,735","3,420,067","91,665","91,582","2,642"
2016/3/23,"15,532,847","3,015,671","84,944","84,840","1,503"
2016/3/24,"14,381,119","2,832,249","104,262","104,231","1,414"
2016/3/25,"14,363,802","2,581,764","86,376","86,312","1,591"
2016/3/26,"14,979,297","1,926,148","74,862","74,847",377
2016/3/27,"14,663,889","1,303,374","61,475","61,401",254
2016/3/28,"16,016,607","1,964,344","76,703","76,669","4,258"
2016/3/29,"16,666,040","3,389,921","89,538","89,485","2,347"
2016/3/30,"15,655,764","3,837,384","93,412","93,299",623
2016/3/31,"18,132,694","4,304,665","96,762","96,664","4,102"
2016/4/1,"16,489,281","2,452,269","86,171","86,019","2,147"
2016/4/2,"17,174,287","3,066,368","66,823","66,812",593
2016/4/3,"15,650,543","1,506,276","65,715","65,706","1,035"
2016/4/4,"14,829,986","1,186,446","52,157","52,146",19
2016/4/5,"15,070,288","1,292,096","58,143","58,125","1,783"
2016/4/6,"16,790,464","1,736,366","98,564","98,506","2,164"
2016/4/7,"18,935,860","4,839,838","97,449","97,189","3,044"
2016/4/8,"17,555,113","3,530,489","105,105","104,591","2,404"
2016/4/9,"17,283,892","3,162,877","77,370","76,824",23
2016/4/10,"15,216,588","1,567,725","60,588","60,528",392
2016/4/11,"14,953,178","1,939,862","89,025","88,816",444
2016/4/12,"16,451,987","3,151,733","98,881","98,795","2,355"
2016/4/13,"15,400,320","2,965,885","94,763","94,710","2,737"
2016/4/14,"15,765,040","3,134,204","107,131","106,403","1,539"
2016/4/15,"16,367,931","3,479,149","95,512","95,313","1,946"
2016/4/16,"15,735,997","2,080,301","72,861","72,574",708
2016/4/17,"14,634,379","1,416,013","60,460","60,442",419
2016/4/18,"16,647,768","1,847,541","89,706","89,577","4,550"
2016/4/19,"19,225,957","5,395,162","92,800","92,621",901
2016/4/20,"16,649,562","2,622,242","81,367","81,317","2,980"
2016/4/21,"16,804,704","2,890,983","87,165","87,080","1,580"
2016/4/22,"17,172,870","2,887,118","90,345","90,258","1,541"
2016/4/23,"16,009,665","2,252,194","71,331","71,292",512
2016/4/24,"15,726,538","1,444,361","62,273","62,192","1,155"
2016/4/25,"16,275,028","1,710,792","80,630","80,545",974
2016/4/26,"19,011,467","4,519,504","92,127","92,088","1,761"
2016/4/27,"16,475,657","4,118,040","91,088","91,024","2,124"
2016/4/28,"19,413,352","4,718,297","93,828","93,778","1,786"
2016/4/29,"16,167,612","2,337,293","87,901","87,813","1,888"
2016/4/30,"16,284,221","1,762,080","70,343","70,268",23
2016/5/1,"15,885,614","1,685,004","65,839","65,795",14
2016/5/2,"16,690,880","1,504,503","58,516","58,446",12
2016/5/3,"17,109,347","2,519,401","93,025","92,938","6,408"
2016/5/4,"18,230,400","4,059,238","92,601","92,540",8
2016/5/5,"16,932,721","3,129,584","86,599","86,540",113
2016/5/6,"18,488,450","3,661,113","105,170","105,107",26
2016/5/7,"18,014,234","3,483,775","72,380","72,306",16
2016/5/8,"16,908,037","1,706,744","63,846","63,743",2
2016/5/9,"17,414,111","2,047,887","80,524","80,443","2,282"
2016/5/10,"19,242,365","2,991,367","93,465","93,364",4
2016/5/11,"16,767,753","3,100,988","86,173","86,082",27
2016/5/12,"17,650,643","3,562,564","90,916","90,834",25
2016/5/13,"18,378,287","3,499,885","92,333","92,172",14
2016/5/14,"17,025,953","1,880,712","72,442","72,372",8
2016/5/15,"17,121,891","1,494,926","57,628","57,581",8
2016/5/16,"17,040,395","2,071,109","83,091","83,053",25
2016/5/17,"16,739,353","3,293,759","117,297","117,171","3,087"
2016/5/18,"17,266,935","3,652,328","88,686","88,636",8
2016/5/19,"17,438,971","3,644,137","88,690","88,566",15
2016/5/20,"16,865,931","2,535,892","90,457","90,397",9
2016/5/21,"16,289,760","2,191,425","67,023","66,963",8
2016/5/22,"15,483,769","1,331,012","57,924","57,870",9
2016/5/23,"16,747,894","1,892,406","78,391","78,300",7
2016/5/24,"17,056,353","3,555,555","94,129","94,015","3,902"
2016/5/25,"17,644,363","3,478,998","93,089","92,586",12
2016/5/26,"17,628,867","3,504,939","92,313","92,245",25
2016/5/27,"16,828,207","3,810,719","85,565","85,466",119
2016/5/28,"19,879,673","4,274,597","72,944","72,877",7
2016/5/29,"17,851,643","1,598,629","62,742","62,621",3
2016/5/30,"17,227,624","1,834,310","108,937","108,745","3,522"
2016/5/31,"18,729,951","2,949,252","85,670","85,361",10
2016/6/1,"17,511,006","3,297,574","83,864","83,760",11
2016/6/2,"18,751,449","3,173,599","102,343","102,312",35
2016/6/3,"17,658,939","3,021,776","89,351","89,268",17
2016/6/4,"19,827,125","2,452,582","82,521","82,363",16
2016/6/5,"16,899,306","1,790,532","67,242","67,122",2
2016/6/6,"17,149,021","1,840,870","76,719","76,673",2
2016/6/7,"18,842,143","3,571,553","94,798","94,711",2
2016/6/8,"19,362,408","4,247,170","99,689","99,527",38
2016/6/9,"17,029,625","2,235,696","78,110","78,013",2
2016/6/10,"15,141,538","1,673,116","65,479","65,450",1
2016/6/11,"15,183,263","1,464,028","55,676","55,643",2
2016/6/12,"16,245,388","1,361,272","60,216","60,178",0
2016/6/13,"16,308,925","1,856,556","89,305","89,257","4,460"
2016/6/14,"17,555,377","3,552,775","113,793","113,349",0
2016/6/15,"18,465,676","3,650,842","98,115","98,053",79
2016/6/16,"18,710,186","3,638,597","91,837","91,773",31
2016/6/17,"19,246,825","4,523,437","95,295","95,204",13
2016/6/18,"17,180,882","2,866,397","77,559","77,534",4
2016/6/19,"15,947,216","1,445,767","62,843","62,683",3
2016/6/20,"19,256,848","2,141,359","91,909","91,851",7
2016/6/21,"18,822,625","3,016,521","92,572","92,495",5
2016/6/22,"19,000,475","3,189,745","91,457","91,363",8
2016/6/23,"18,224,887","3,147,551","90,506","90,443",6
2016/6/24,"18,158,126","3,239,070","90,814","90,738",14
2016/6/25,"18,104,351","2,328,049","70,695","70,596",2
2016/6/26,"17,228,891","1,510,858","57,792","57,680",5
2016/6/27,"18,003,602","2,056,555","92,779","92,719",1
2016/6/28,"18,341,345","3,752,712","100,925","100,830",12
2016/6/29,"16,752,950","2,773,482","89,927","89,880",6
2016/6/30,"22,810,690","5,604,576","98,077","98,026",4
2016/7/1,"18,652,764","3,050,301","94,832","94,649",8
2016/7/2,"18,023,363","2,740,052","74,017","73,872",9
2016/7/3,"16,983,897","1,499,298","59,406","59,342",0
2016/7/4,"17,965,819","2,417,925","76,819","76,755",6
2016/7/5,"19,249,874","3,380,858","100,498","100,396",5
2016/7/6,"19,584,791","3,755,671","94,588","94,515",9
2016/7/7,"20,493,508","4,125,303","91,807","91,703",6
2016/7/8,"15,208,416","2,218,467","67,360","67,342",7
2016/7/9,"14,667,351","1,697,550","65,350","65,292",5
2016/7/10,"15,008,803","1,260,595","64,493","64,475",3
2016/7/11,"17,450,635","2,071,672","110,559","110,409",8
2016/7/12,"18,040,287","2,908,261","92,574","92,464",7
2016/7/13,"19,067,322","3,899,089","102,977","102,860",7
2016/7/14,"17,809,816","2,946,845","93,218","93,136",4
2016/7/15,"18,395,294","3,386,087","94,602","94,526",14
2016/7/16,"17,482,315","2,225,060","61,660","61,552",15
2016/7/17,"16,499,642","1,606,822","58,640","58,593",9
2016/7/18,"17,989,319","2,490,942","94,817","94,671",6
2016/7/19,"20,390,976","5,005,623","91,080","90,942",7
2016/7/20,"17,845,018","2,810,972","91,446","91,328",21
2016/7/21,"17,692,639","2,762,272","99,823","99,728",20
2016/7/22,"18,364,313","3,099,217","87,804","87,589",16
2016/7/23,"18,215,457","2,183,199","62,863","62,701",12
2016/7/24,"17,381,323","1,533,839","60,053","59,970",6
2016/7/25,"18,723,593","2,524,346","99,256","99,161",3
2016/7/26,"20,436,346","3,892,072","126,977","126,874",13
2016/7/27,"19,191,950","3,906,485","90,575","90,506",10
2016/7/28,"21,348,077","5,035,032","217,451","217,224",7
2016/7/29,"19,148,918","2,555,163","99,276","98,908",17
2016/7/30,"17,679,927","2,029,197","125,123","124,959",4
2016/7/31,"16,929,194","1,571,076","139,744","139,671",6
2016/8/1,"18,915,294","2,600,425","151,687","151,628",8
2016/8/2,"18,307,680","3,415,637","242,349","242,266",8
2016/8/3,"19,543,690","3,614,448","302,448","302,280",6
2016/8/4,"17,827,437","2,879,131","397,961","397,876",16
2016/8/5,"18,344,314","2,915,783","102,748","102,662",18
2016/8/6,"18,099,329","2,248,273","72,488","72,338",13
2016/8/7,"17,203,932","1,631,487","60,798","60,752",3
2016/8/8,"19,100,942","2,645,043","87,073","87,050",5
2016/8/9,"19,665,041","4,235,807","104,809","104,699",6
2016/8/10,"19,166,527","3,099,858","188,963","188,876",8
2016/8/11,"17,769,310","2,969,639","90,467","90,430",13
2016/8/12,"19,092,146","4,061,261","92,862","92,827",15
2016/8/13,"17,109,139","2,154,255","70,574","70,467",13
2016/8/14,"17,201,220","1,531,345","61,707","61,664",6
2016/8/15,"18,872,387","2,112,319","96,798","96,696",8
2016/8/16,"18,421,844","3,175,880","91,455","91,325",14
2016/8/17,"18,109,621","3,589,754","97,151","97,065",5
2016/8/18,"17,232,726","2,755,255","91,674","91,639",16
2016/8/19,"18,105,653","3,358,843","93,895","93,801",7
2016/8/20,"17,025,547","1,976,806","66,719","66,686",10
2016/8/21,"17,216,808","1,452,183","59,002","58,950",4
2016/8/22,"17,325,289","2,040,726","97,730","97,675",1
2016/8/23,"16,059,405","3,297,886","84,552","84,455",2
2016/8/24,"21,109,365","3,796,004","89,675","89,598",0
2016/8/25,"17,591,787","2,854,731","87,813","87,676",0
2016/8/26,"19,658,597","3,564,670","92,588","92,530",0
2016/8/27,"17,434,472","3,364,602","65,550","65,460",0
2016/8/28,"18,645,908","2,737,123","63,916","63,886",0
2016/8/29,"17,907,782","2,045,359","104,278","104,198",3
2016/8/30,"17,521,937","2,831,686","104,310","104,222",0
2016/8/31,"17,613,373","2,936,940","88,940","88,895",0
2016/9/1,"17,596,082","2,624,621","83,493","83,430",2
2016/9/2,"18,648,376","4,183,408","94,816","94,710",8
2016/9/3,"16,465,172","1,873,958","62,953","62,925",0
2016/9/4,"16,573,535","1,455,538","57,537","57,481",0
2016/9/5,"17,943,386","2,198,608","84,183","84,145",32
2016/9/6,"17,958,621","3,465,566","83,290","82,795",9
2016/9/7,"18,075,006","3,820,631","88,106","87,861",5
2016/9/8,"17,088,893","2,757,208","124,548","124,459",2
2016/9/9,"16,488,277","2,228,660","79,576","79,488",28
2016/9/10,"17,355,704","2,197,616","91,909","91,842",3
2016/9/11,"17,783,002","2,138,939","62,965","62,908",0
2016/9/12,"18,921,012","2,358,118","97,615","97,504",67
2016/9/13,"20,000,010","4,138,843","90,885","90,812",25
2016/9/14,"16,256,760","2,553,034","85,770","85,660",14
2016/9/15,"15,296,746","1,966,619","78,691","78,629",0
2016/9/16,"16,840,627","1,428,227","61,532","61,503",0
2016/9/17,"15,548,961","1,186,965","56,919","56,871",0
2016/9/18,"15,282,075","1,200,192","58,649","58,626",0
2016/9/19,"17,878,432","2,424,692","101,060","100,906",93
2016/9/20,"18,317,407","3,533,310","93,517","93,353",25
2016/9/21,"18,446,835","4,305,153","98,655","98,483",24
2016/9/22,"17,692,919","3,047,297","88,865","88,811",16
2016/9/23,"17,987,688","3,138,851","90,429","90,285",28
2016/9/24,"17,819,336","2,322,695","73,465","73,378",0
